Workbook
Name Art: Vorgaben!$A$3:$A$14

Sheet Spesenabrechnung
A7: Spesenabrechnung
A9: Name: | B9: Benjamin Knaus
A11: Datum | B11: Anzahl | C11: Auftrag | D11: Artikel | E11: Stückpreis | F11: Total | G11: Konto | H11: KST | I11: MWST
F12: =B12*E12 -> 0
F13: =B13*E13 -> 0
F14: =B14*E14 -> 0 | G14: =IF(B14>0,(VLOOKUP(D14,Vorgaben!A$3:B$21,2,FALSE))," ")
F15: =B15*E15 -> 0 | G15: =IF(B15>0,(VLOOKUP(D15,Vorgaben!A$3:B$21,2,FALSE))," ")
F16: =B16*E16 -> 0 | G16: =IF(B16>0,(VLOOKUP(D16,Vorgaben!A$3:B$21,2,FALSE))," ")
F17: =B17*E17 -> 0 | G17: =IF(B17>0,(VLOOKUP(D17,Vorgaben!A$3:B$21,2,FALSE))," ")
F18: =B18*E18 -> 0 | G18: =IF(B18>0,(VLOOKUP(D18,Vorgaben!A$3:B$21,2,FALSE))," ")
F19: =B19*E19 -> 0 | G19: =IF(B19>0,(VLOOKUP(D19,Vorgaben!A$3:B$21,2,FALSE))," ")
F20: =B20*E20 -> 0 | G20: =IF(B20>0,(VLOOKUP(D20,Vorgaben!A$3:B$21,2,FALSE))," ")
F21: =B21*E21 -> 0 | G21: =IF(B21>0,(VLOOKUP(D21,Vorgaben!A$3:B$21,2,FALSE))," ")
F22: =B22*E22 -> 0 | G22: =IF(B22>0,(VLOOKUP(D22,Vorgaben!A$3:B$21,2,FALSE))," ")
F23: =B23*E23 -> 0 | G23: =IF(B23>0,(VLOOKUP(D23,Vorgaben!A$3:B$21,2,FALSE))," ")
F24: =B24*E24 -> 0 | G24: =IF(B24>0,(VLOOKUP(D24,Vorgaben!A$3:B$21,2,FALSE))," ")
F25: =B25*E25 -> 0 | G25: =IF(B25>0,(VLOOKUP(D25,Vorgaben!A$3:B$21,2,FALSE))," ")
F26: =B26*E26 -> 0 | G26: =IF(B26>0,(VLOOKUP(D26,Vorgaben!A$3:B$21,2,FALSE))," ")
E27: Total | F27: =SUM(F12:F26) -> 0
A31: Ansatz PW : | D31: CHF 0.70 / km
A41: Belege

Sheet Vorgaben
A3: Auftrag - Zumiete Fremdmaterial | B3: 4402
A4: Auftrag - Verpflegung und Hotel | B4: 4450
A5: Auftrag - Fahr- und Parkspesen | B5: 4460
A6: intern - Verpflegung Mitarbeitende | B6: 5850
A7: intern - Weiterbildung | B7: 5880
A8: intern - sonstiger Personalaufwand | B8: 5890
A9: intern - Treibstoff | B9: 6210
A10: intern - Büromaterial | B10: 6500
A11: intern - Telefon | B11: 6510
A12: intern - Porti | B12: 6513
A13: intern - EDV Unterhalt und Lizenzen | B13: 6570
A14: intern - Klein- und Verbrauchsmaterial | B14: 6580
... A16: intern - Repräsentationsspesen | B16: 6650
A17: Divers
A24: Event | B24: 10
A25: Kongresshaus | B25: 40
A26: Edeweiss | B26: 12
A27: Verwaltung | B27: 90
